[
  {
    "name": "Vi Jay",
    "phone": "911234567890",
    "paytm_link": "paytm.me/abc",
    "country": "India",
    "age": "35",
    "email": "vijay@example.com"
  },
  {
    "name": "Vjay",
    "phone": "1234567890",
    "paytm_link": "paytm.me/xyz",
    "country": "India",
    "age": "36",
    "email": "vijay@example.com"
  },
  {
    "name": "Vijay Sharma",
    "phone": "1234567890",
    "paytm_link": "paytm.me/xyz",
    "country": "USA",
    "age": "35",
    "email": "vijay@example.com"
  },
  {
    "name": "V. Jay",
    "phone": "1234567891",
    "paytm_link": "paytm.me/xyz",
    "country": "India",
    "age": "35",
    "email": "vijay@example.com"
  },
  {
    "name": "viJay",
    "phone": "1234567890",
    "paytm_link": "paytm.me/def",
    "country": "India",
    "age": "35",
    "email": "vijay123@example.com"
  }
]