[
  {
    "title": "Indian billionaire publicly backs Vijay Mallya: 'Why is he ...",
    "link": "https://www.hindustantimes.com/trending/indian-billionaire-publicly-backs-vijay-mallya-why-is-he-still-a-political-punching-bag-101749180494246.html",
    "snippet": "Vijay Mallya, facing fraud and money laundering charges in India, claimed that the banks had recovered \u20b914,100 crores from him while ..."
  },
  {
    "title": "UK: India's 'King of the Good Times' Re-Arrested for Money ...",
    "link": "https://www.occrp.org/en/news/uk-indias-king-of-the-good-times-re-arrested-for-money-laundering",
    "snippet": "Indian tycoon Vijay Mallya was arrested in the UK on Tuesday for the second time this year on behalf of Indian authorities who allege that he diverted a state ..."
  },
  {
    "title": "Who is Vijay Mallya, Vijay Mallya Case ...",
    "link": "https://www.business-standard.com/about/who-is-vijay-mallya",
    "snippet": "Mallya, who owes 17 Indian banks an estimated Rs 9,000 crore, is accused of fraud and money laundering in the country. Also a former Rajya Sabha member, Mallya ..."
  },
  {
    "title": "Vijay Mallya on debts, extradition, and more",
    "link": "https://www.fortuneindia.com/business-news/call-me-a-fugitive-but-wheres-the-theft-vijay-mallya-on-debts-extradition-and-more/123859",
    "snippet": "In a rare interview, Vijay Mallya has broken his silence, calling out allegations of theft and money laundering, defending his loan repayments."
  },
  {
    "title": "Vijay Mallya Scam: A Simple and Clear Briefing",
    "link": "https://www.linkedin.com/pulse/vijay-mallya-scam-simple-clear-briefing-bishal-mondal-ljc6c",
    "snippet": "The Vijay Mallya case highlights the challenges in India's financial and legal systems. While Mallya tries to show himself as a victim, court ..."
  },
  {
    "title": "Thief or no thief? What cases say about Vijay Mallya",
    "link": "https://m.economictimes.com/news/india/thief-or-no-thief-what-cases-say-about-vijay-mallya/articleshow/121677882.cms",
    "snippet": "Despite his claims, Mallya faces charges of criminal conspiracy, fraud, and money laundering, with investigating agencies detailing several ..."
  },
  {
    "title": "Most Talked About 'Fugitive' Vijay Mallya Says He Met India's ...",
    "link": "https://www.youtube.com/watch?v=1iqzLWUBoPA&pp=0gcJCfwAo7VqN5tD",
    "snippet": "... money laundering. He alleges political motivations behind his legal troubles and says he's willing to return to India\u2014if guaranteed a fair ..."
  },
  {
    "title": "'Call me a fugitive\u2026 but I am not a chor': Vijay Mallya ...",
    "link": "https://www.hindustantimes.com/india-news/call-me-a-fugitive-but-i-am-not-a-chor-vijay-mallya-addresses-charges-against-him-101749179697303.html",
    "snippet": "Vijay Mallya is wanted in India on charges of fraud and money laundering involving over < Vijay Mallya is wanted in India on charges of ..."
  }
]