[
  {
    "name": "ViJayy",
    "phone": "1234567891",
    "paytm_link": "paytm.me/xyz1",
    "country": "INDIA",
    "age": "36",
    "email": "vijay123@example.com"
  },
  {
    "name": "V. Jay",
    "phone": "1234567800",
    "paytm_link": "paytm.me/abc",
    "country": "India",
    "age": "34",
    "email": "v.jay@example.com"
  },
  {
    "name": "jay vijay",
    "phone": "123-456-7890",
    "paytm_link": "paytm.me/xyz789",
    "country": "india",
    "age": "35",
    "email": "vijay.ex@example.com"
  },
  {
    "name": "VIJAY",
    "phone": "+911234567890",
    "paytm_link": "paytm.me/def",
    "country": "United Kingdom",
    "age": "37",
    "email": "vijay_test@example.com"
  },
  {
    "name": "Vija",
    "phone": "1234567892",
    "paytm_link": "paytm.me/pqr",
    "country": "US",
    "age": "33",
    "email": "vijay@example.net"
  }
]